ts,homeId,deviceId,stream,payload.co2,payload.co,payload.pm25,payload.pm10,payload.temp,payload.humidity
Fri Aug 15 2025 22:52:20 GMT+0200 (Central European Summer Time),HOME123,AIR-001,AIR,792,3.9929788338809202,11.1742356729874,25.253950593144165,25.495064534076743,48.95271179207082
Fri Aug 15 2025 22:28:31 GMT+0200 (Central European Summer Time),HOME123,AIR-001,AIR,658,3.1642079384641875,11.434715134103277,27.66246499396564,25.67097835749464,45.788468852594654
Fri Aug 15 2025 22:27:58 GMT+0200 (Central European Summer Time),HOME123,AIR-001,AIR,764,3.4762909668970368,19.9018266913394,25.325900357295236,24.16256293831124,49.28070383078456
Fri Aug 15 2025 22:18:19 GMT+0200 (Central European Summer Time),HOME123,AIR-001,AIR,758,2.3715367159460543,14.323010186455729,20.38067277815444,25.11483452623121,49.855300485169366